VNU, UIT, Dept Comp Engn, Ho Chi Minh City, Vietnam
Vietnam Natl Univ HCMC, Univ Sci, Dept Optimizat & Syst Theory, 227 Nguyen Van Cu,Dist 5, Hochiminh City, Vietnam
Univ Sci, Lab Adv Mat, VNU HCM, Ho Chi Minh City, Vietnam
Vietnam Natl Univ Ho Chi Minh City, Univ Sci, Dept Optimizat & Syst Theory, 227 Nguyen Van Cu,Dist 5, Ho Chi Minh City, Vietnam
Viet Nam Natl Univ Ho Chi Minh City, Linh Trung Ward, Quarter 6, Ho Chi Minh City, Vietnam
Ho Chi Minh City Univ Technol, Fac Elect Elect Engn, Power Delivery Dept, Ho Chi Minh City, Vietnam
Ho Chi Minh City Univ Technol, Fac Civil Engn, Ho Chi Minh City 70000, Ho Chi Minh, Vietnam
Vietnam Natl Univ, Int Univ, Dept Math, Quarter 6,Linh Trung Ward, Ho Chi Minh City, Vietnam
Vietnam Natl Univ, Ho Chi Minh City Univ Technol, Fac Chem Engn, 268 Ly Thuong Kiet St,Dist 10, Ho Chi Minh City 700000, Vietnam
Vietnam Natl Univ Ho Chi Minh City, Ctr Water Management & Climate Change, Ho Chi Minh City, Vietnam
Vietnam Natl Univ Ho Chi Minh City, Univ Sci, Fac Chem, Ho Chi Minh City, Vietnam
Vietnam Natl Univ Hochiminh City, UIT, Fac Comp Networks & Commun, Ho Chi Minh City, Vietnam
Vietnam Natl Univ, Int Univ, Biomed Engn Dept, Pharmaceut Engn Lab, Ho Chi Minh City 70000, Vietnam
Vietnam Natl Univ, Univ Social Sci & Humanities, Fac Urban Studies, Ho Chi Minh City, Vietnam
Ho Chi Minh City Univ Technol, Fac Chem Engn, Dist 10, Ho Chi Minh City, Vietnam
Int Univ Vietnam Natl Univ Ho Chi Minh City HCMC, Sch Elect Engn, Ho Chi Minh City, Vietnam
Ho Chi Minh City Univ Transport, Ho Chi Minh City, Vietnam
Ho Chi Minh City Univ Technol, Dept Power Syst, Fac Elect & Elect Engn, 268 Ly Thuong Kiet Str, Ho Chi Minh City, Vietnam
Vietnam Natl Univ, Univ Technol, Fac Mech Engn, Ho Chi Minh City, Vietnam
Ho Chi Minh City Univ Technol, Mircoelect Lab, Ho Chi Minh City, Vietnam
Vietnam Natl Univ, Int Univ, Sch Biotechnol, Quarter 6, Ho Chi Minh City 700000, Vietnam
Vietnam Natl Univ Ho Chi Minh City, Univ Sci, Dept Organ Chem, 227 Nguyen Van Cu St,Dist 5, Ho Chi Minh City 748355, Vietnam
Vietnam Natl Univ, John von Neumann Inst, Linh Trung Ward, VNU IT Pk, Hcmc, Vietnam
Vietnam Natl Univ HCMC, Thu Duc, Ho Chi Minh, Vietnam
Vietnam Natl Univ, Univ Sci, Fac Biol Biotechnol, Ho Chi Minh City, Vietnam
Vietnam Natl Univ, Univ Sci, Lab Res & Applicat Stem Cell, Ho Chi Minh City, Vietnam
Vietnam Natl Univ HochiMinh City, HochiMinh City Univ Technol, Computat Phys Lab, 268 Ly Thuong Kiet St,Dist 10, Hochiminh City, Vietnam
Vietnam Natl Univ, Canc Res Lab, 227 Nguyen Van Cu,Dist 5, Ho Chi Minh, Vietnam
Vietnam Natl Univ Ho Chi Minh City, Int Univ, Sch Biotechnol, Quarter 6, Ho Chi Minh City, Vietnam
Vietnam Natl Univ, Univ Sci, Fac Biol & Biotechnol, Ho Chi Minh, Vietnam
Vietnam Natl Univ, Int Univ, Sch Biotechnol, Ho Chi Minh, Vietnam
Vietnam Natl Univ Hochiminh City, Univ Sci, Dept Math & Comp, Hochiminh City, Vietnam
Ho Chi Minh City Univ Technol, 268 Ly Thuong Kiet, Ho Chi Minh City, Vietnam
Vietnam Natl Univ HCMC, Univ Informat Technol, Dept Math, Ho Chi Minh City, Vietnam
Ho Chi Minh City Univ Transport, Fac Mech Engn, Ward 25, 2,D3 St, Ho Chi Minh City, Vietnam
Vietnam Natl Univ HCMC, Int Univ, Sch Biotechnol, Block 6,Linh Trung Ward, Ho Chi Minh City, Vietnam
Vietnam Natl Univ, Int Univ, Dept Math, Ho Chi Minh, Vietnam
Hochiminh City Univ Technol, VNU HCM, Hochiminh, Vietnam
Vietnam Natl Univ Ho Chi Minh City VNU HCM, Univ Technol, Fac Chem Engn, Ho Chi Minh City 721337, Vietnam
Vietnam Natl Univ Ho Chi Minh City VNU HCM, Ctr Water Management & Climate Change WACC, Ho Chi Minh City 12345, Vietnam
Vietnam Natl Univ Ho Chi Minh City VNU HCM, Ho Chi Minh City Univ Technol HCMUT, CARE, Ho Chi Minh City, Vietnam
Vietnam Natl Univ, Univ Sci, Lab Stem Cell Res & Applicat, Ho Chi Minh City, Vietnam
Vietnam Natl Univ Ho Chi Minh City, Univ Sci, Dept Genet, 227 Nguyen Van Cu St,Dist 5, Ho Chi Minh City 748355, Vietnam
Vietnam Natl Univ, Int Univ, Dept Biomed Engn, Tissue Engn & Regenerat Med Lab, Ho Chi Minh City 700000, Vietnam
Vietnam Natl Univ, Univ Sci, Dept Math & Comp Sci, Ho Chi Minh City, Vietnam
Vietnam Natl Univ Hochiminh City, Univ Sci, Dept Optimizat & Syst Theory, 227 Nguyen Van Cu,Dist 5, Hochiminh City, Vietnam
Int Univ VNUHCM, Ho Chi Minh City, Vietnam
Vietnam Natl Univ HCMC, Int Univ, VNU HCMC, Dept Biomed Engn,Tissue Engn & Regenerat Med Grp, Hcmc 70000, Vietnam
Ho Chi Minh Univ Technol, Dept Elect & Elect Engn, Ho Chi Minh City, Vietnam
Ho Chi Minh City Univ Technol, Fac Comp Sci & Engn, Hcmc, Vietnam
Vietnam Natl Univ, Int Univ, Sch Comp Sci & Engn, Ho Chi Minh City, Vietnam
Vietnam Natl Univ Ho Chi Minh City, Univ Nat Sci, Dept Math & Comp Sci, 227 Nguyen Van Cu Str,Dist 5, Ho Chi Minh City, Vietnam
Vietnam Natl Univ, Univ Sci, Dept Organ Chem, Fac Chem, Hochiminh City, Vietnam
Vietnam Natl Univ Ho Chi Minh City, Inst Technol, Ho Chi Minh City, Vietnam
Int Univ, Sch Biotechnol, VNU HCM, LinhTrung Ward, Block 6, Ho Chi Minh City 70000, Vietnam
Vietnam Natl Univ, Int Univ, Linh Trung Ward, Quarter 6, Ho Chi Minh, Vietnam
Vietnam Natl Univ Ho Chi Minh City, Ho Chi Minh City Univ Technol, Dept Aerosp Engn, Ho Chi Minh City 740015, Vietnam
Int Univ, Sch Elect Engn, KP6 Linh Trung, Ho Chi Minh City, Vietnam
Vietnam Natl Univ, Univ Sci, Fac Chem, 227 Nguyen Van Cu,Dist 5, Ho Chi Minh City, Vietnam
Ho Chi Minh City Univ Technol, 268 Ly Thuong Kiet St,Distrct 10, Ho Chi Minh City, Vietnam
VNUHCM Univ Sci, Dept Comp Sci, Ho Chi Minh City, Vietnam
VNU, HCM Univ Sci, Fac Phys & Engn Phys, 227 Nguyen Van Cu St,Dist 5, Hcm City, Vietnam
Int Univ, VNUHCM, Sch Biotechnol, Ho Chi Minh City, Vietnam
Int Univ, Dept Math, Linh Trung Ward, Ho Chi Minh City, Vietnam
Vietnam Natl Univ Ho Chi Minh City, Univ Sci, Dept Organ Chem, Fac Chem, Ho Chi Minh City, Vietnam
Ho Chi Minh City Univ Technol, Dept Biotechnol, Fac Chem Engn, Ho Chi Minh City, Vietnam
Vietnam Natl Univ Ho Chi Minh City, Univ Technol, Sch Ind Management, Ho Chi Minh City, Vietnam
Int Univ, Sch Elect Engn, Ho Chi Minh City, Vietnam
Vietnam Natl Univ Ho Chi Minh City, Fac Civil Engn, Ho Chi Minh City, Vietnam
Ho Chi Minh City Univ Technol, Dept Heat & Refrigerat Engn, VNU HCM, Ho Chi Minh City, Vietnam
Vietnam Natl Univ Ho Chi Minh City, IER, Ho Chi Minh City, Vietnam
Vietnam Natl Univ Ho Chi Minh City, John von Neumann Inst, Ho Chi Minh City, Vietnam
Vietnam Natl Univ HCMC, Univ Sci, Dept Phys & Elect, 227 Nguyen Van Cu,Dist 5, Hochiminh City, Vietnam
Univ Sci, Fac Chem, 227 Nguyen Van Cu,Dist 5, Ho Chi Minh, Vietnam
Vietnam Natl Univ, Univ Sci, Hochiminh City 700000, Vietnam
Vietnam Natl Univ, Univ Sci, Fac Phys & Engn Phys, Ho Chi Minh City, Vietnam
Int Univ, VNU HCM, Dept Civil Engn, Ho Chi Minh City, Vietnam
Vietnam Natl Univ Ho Chi Minh City VNU HCM, Ctr Water Management & Climate Change WACC, Quarter 6,LinhTrung Ward, Ho Chi Minh City, Vietnam
Ho Chi Minh City Univ Sci, Viet Nam Natl Univ, Fac Biol, 227 Nguyen Van Cu,Dist 5, Ho Chi Minh City, Vietnam
Ho Chi Minh City Univ Technol HUTECH, CM Thi Lab, 475A Dien Bien Phu St, Ho Chi Minh City 700000, Vietnam
Vietnam Natl Univ Ho Chi Minh City, Univ Informat Technol, Fac Comp Networks & Commun, Dept Comp Networks,Linh Trung Ward, 6 Quarter, Ho Chi Minh City, Vietnam
Vietnam Natl Univ HCMC, IU, Finance & Banking Dept, Hcm City, Vietnam
Vietnam Natl Univ HCMC, Sch Med, Div Biochem & Mol Biol, Ward 6, Ho Chi Minh City, Vietnam
Int Univ, Dept Math, Linh Trung Ward, Quarter 6, Ho Chi Minh City, Vietnam
Vietnam Natl Univ Ho Chi Minh City, Ctr Water Management & Climate Change, Linh Trung Ward, IT Pk, Ho Chi Minh City, Vietnam
Univ Sci, Fac Chem, VNU HCM, Ho Chi Minh City 721337, Vietnam
HCM City Univ Technol, Fac Elect & Elect Engn, DCSELAB, VNU HCM, Ho Chi Minh City, Vietnam
Hochiminh City Univ Technol, Dept Ind Syst Engn, Hochiminh City, Vietnam
Natl Univ Ho Chi Minh City, Univ Sci, Dept Organ Chem, 227 Nguyen Van Cu Str,Dist 5, Ho Chi Minh City, Vietnam
Vietnam Natl Univ, Univ Technol, Fac Sci Appl, Hochiminh City, Vietnam
Vietnam Natl Univ, Univ Nat Sci, Dept Math & Comp Sci, Ho Chi Minh City, Vietnam
Vietnam Natl Univ HCMC, Sch Med, Res Ctr Genet & Reprod Hlth, Quarter 6,Linh Trung Ward, Ho Chi Minh City, Vietnam
Vietnam Natl Univ HCMC, Sch Med, Res Ctr Genet & Reprod Hlth CGRH, Room 608,VNU HCM Adm Bldg,Quarter 6, Ho Chi Minh City, Vietnam
Vietnam Natl Univ Ho Chi Minh, Univ Technol, Fac Environm & Nat Resources, Dist 10, Ho Chi Minh City, Vietnam
Vietnam Natl Univ, Acad Affairs Dept, Ho Chi Minh City, Vietnam
Ho Chi Minh City Univ Technol, 268 Ly Thuong Kiet St,10th Dist, Ho Chi Minh City, Vietnam
Vietnam Natl Univ Hochiminh City, Hochiminh City Univ Technol, 268 Ly Thuong Kiet St,Dist 10, Hochiminh City, Vietnam
Vietnam Natl Univ HCMC, Univ Sci, Dept Phys & Elect, Ho Chi Minh City, Vietnam
Vietnam Natl Univ Ho Chi Minh City VNU HCMC, Int Univ, Dept Biomed Engn, Tissue Engn & Regenerat Med Lab, Ho Chi Minh City, Vietnam
Ho Chi Minh City Univ Technol, Dept Bridge & Highway Engn, 268 Ly Thuong Kiet St,Dist 10, Ho Chi Minh City, Vietnam
Ho Chi Minh City Univ Technol, Dept Automat Control, Ho Chi Minh City, Vietnam
Vietnam Natl Univ Ho Chi Minh City VNU HCM, Ctr Innovat Mat & Architectures INOMAR, Ho Chi Minh City 721337, Vietnam
Vietnam Natl Univ, Sch Med, Linh Trung Ward, Ho Chi Minh City, Vietnam
Vietnam Natl Univ Ho Chi Minh City VNU HCM, Fac Math & Comp Sci, 227 Nguyen Van Cu St,Dist 5, Ho Chi Minh City, Vietnam
Vietnam Natl Univ Ho Chi Minh City, Inst Nanotechnol, Linh Trung Ward, Community 6, Ho Chi Minh City, Vietnam
Vietnam Natl Univ, Univ Sci, Hcmc, Vietnam
Ho Chi Minh City Univ Technol, VNU HCM, 268 Ly Thuong Kiet St,Dist 10, Ho Chi Minh City, Vietnam
Vietnam Natl Univ Hochiminh City, Int Univ, Thu Duc, Ho Chi Minh, Vietnam
Int Univ, Ho Chi Minh City, Vietnam
Vietnam Natl Univ, Univ Sci, Dept Phys, Ho Chi Minh City 749000, Vietnam
Ho Chi Minh City Univ Technol, Fac Sci Appl, Dept Appl Phys, 268 Ly Thuong Kiet St,Dist 10, Ho Chi Minh City, Vietnam
Vietnam Natl Univ Ho Chi Minh City, Univ Nat Sci, Ho Chi Minh 700000, Vietnam
Ho Chi Minh City Univ Technol, Natl Key Lab Digital Control & Syst Engn, Ho Chi Minh City, Vietnam
Vietnam Natl Univ, Int Univ, HCMC, LinhTrung Ward, Quarter 6, Ho Chi Minh City, Vietnam
Vietnam Natl Univ Hochiminh City, Univ Sci, Dept Optimizat & Syst Theory, 227 Nguyen Van Cu,Dist 5, Ho Chi Minh City, Vietnam
Ho Chi Minh City Univ Technol, VNU HCM, Sch Ind Management, 268 Ly Thuong Kiet St,Dist 10, Ho Chi Minh City, Vietnam
Vietnam Natl Univ HoChiMinh City, HoChiMinh City Univ Technol, 268 Ly Thuong Kiet St, Hochiminh City 700000, Vietnam
Vietnam Natl Univ HCMC, Int Univ, Dept Math, Ho Chi Minh, Vietnam
Int Univ, Dept Biotechnol, Hcmc, Vietnam
Vietnam Natl Univ, Int Univ, Dept Biomed Engn, Ho Chi Minh City, Vietnam
Vietnam Natl Univ, John Neumann Inst, Ho Chi Minh, Vietnam
Vietnam Natl Univ HCMC, Int Univ, Ho Chi Minh, Vietnam
Int Univ, Sch Biotechnol, Linh Trung Ward, Quarter 6, Ho Chi Minh City, Vietnam
Vietnam Natl Univ HCMC, Int Univ, Quarter 6, Ho Chi Minh City, Vietnam
Vietnam Natl Univ Ho Chi Minh City, Dept Civil Engn, Ho Chi Minh, Vietnam
Vietnam Natl Univ, Univ Sci, Dept Polymer & Composite, Ho Chi Minh City 227, Nguyen Van Cu, Vietnam
Ho Chi Minh City Univ Technol, Ho Chi Minh City, Vietnam
Vietnam Natl Univ, Univ Sci, Deparment Organ Chem, Fac Chem, Hochiminh City 721337, Vietnam
Vietnam Natl Univ, Int Univ, Comp Sci & Engn, Ho Chi Minh City, Vietnam
Vietnam Natl Univ, Univ Technol, Fac Mat Technol, Hochiminh City, Vietnam
HoChiMinh City Univ Technol, Telecommun Engn Dept, 268 Ly Thuong Kiet St,Dist 10, Hochiminh City, Vietnam
Ho Chi Minh City Univ Technol, Dept Power Syst, Fac Elect & Elect Engn, Ho Chi Minh City, Vietnam
VNUHCM Univ Sci, Fac Chem, 227 Nguyen Van Cu, Ho Chi Minh City, Vietnam
Vietnam Natl Univ Ho Chi Minh City, Ctr Environm Sci & Ecol, Inst Environm & Nat Resources, Ho Chi Minh, Vietnam
Viet Nam Natl Univ Ho Chi Minh City Univ Sci, Fac Phys & Engn Phys, Ho Chi Minh City, Vietnam
Ho Chi Minh City Univ Technol, Fac Chem Engn, 268-Ly Thuong Kiet St,Dist 10, Ho Chi Minh City, Vietnam
Univ Sci, Dept Appl Phys, VNU HCM, Ho Chi Minh City, Vietnam
Vietnam Natl Univ, Inst Technol, Computat Phys Lab, Ho Chi Minh City, Vietnam
VNUHCM, Univ Sci, Stem Cell Inst, 227 Nguyen Cu St, Ho Chi Minh City, Vietnam
Vietnam Natl Univ, Univ Sci, 227 Nguyen Van Cu St, Ho Chi Minh City, Vietnam
Ho Chi Minh City Univ Technol, Fac Mech Engn, Ho Chi Minh City, Vietnam
Vietnam Natl Univ, Fac Biol, Dept Anim Physiol & Biotechnol, Ho Chi Minh City, Vietnam
Vietnam Natl Univ Hochiminh City, Univ Sci, 227 Nguyen Van Cu St,Dist 5, Hochiminh City, Vietnam
Ho Chi Minh City Univ Technol, Fac Mat Engn, 268 Ly Thuong Kiet Str,Dist 10, Ho Chi Minh City, Vietnam
Vietnam Natl Univ Ho Chi Minh City, Biomed Engn Dept, Pharmaceut Engn Lab, Int Univ, Ho Chi Minh City 700000, Vietnam
Vietnam Natl Univ Ho Chi Minh City, Dept Math & Comp Sci, Univ Sci, 227 Nguyen Van Cu Str,Dist 5, Ho Chi Minh City, Vietnam
Vietnam Natl Univ Ho Chi Minh City, Univ Sci, Dept Chem, Ho Chi Minh City 748000, Vietnam
Vietnam Natl Univ HCMC, Sch Med, Ho Chi Minh City, Vietnam
Ho Chi Minh City Open Univ, Fac Civil Engn & Architecture, 97 Vo Van Tan St, Ho Chi Minh City, Vietnam
Vietnam Natl Univ Ho Chi Minh City, Univ Technol, Ho Chi Minh City, Vietnam
Vietnam Natl Univ, Ho Chi Minh City Univ Technol, Fac Mat Technol, 268 Ly Thuong Kiet,Dist 10, Ho Chi Minh City, Vietnam
Inst Environm & Resource, 142 To Hien Thanh St,Dist 10, Hochiminh City, Vietnam
Vietnam Natl Univ Ho Chi Minh City, Ho Chi Minh City Univ Technol, Fac Mat Technol, Nat Key Lab Polymer Composite, Ho Chi Minh, Vietnam
Ho Chi Minh City Univ Nat Resources & Environm, Fac Meteorol Hydrol, 236 B Le Van Sy, Ho Chi Minh City, Vietnam
Vietnam Natl Univ, John Von Neumann Inst, Hcmc, Vietnam
Univ Sci, Vietnam Natl Univ Ho Chi Minh City, Fac Environm Sci, 227 Nguyen Van Cu Str,Dist 5, Hcmc, Vietnam
Vietnam Natl Univ HoChiMinh City, Inst Environm & Resources, Hochiminh City, Vietnam
Ho Chi Minh City Univ Technol, Fac Chem Engn, VNU HCM, 268 Ly Thuong Kiet, Ho Chi Minh City, Vietnam
Int Univ Vietnam, Natl Univ, Ho Chi Minh City, Vietnam
Vietnam Natl Univ, Ho Chi Minh City Univ Sci, Fac Biol, Dept Plant Biotechnol & Biotransformat, Ho Chi Minh, Vietnam
Vietnam Natl Univ Ho Chi Minh City, Univ Technol, Natl Key Lab Digital Control & Syst Engn, 268 Ly Thuong Kiet, Ho Chi Minh City, Vietnam
Vietnam Natl Univ, HCM Int Univ, Dept Phys, Block 6,Linh Trung Ward, Hcm City, Vietnam
Vietnam Natl Univ, Ho Chi Minh Int Univ, Sch Biotechnol, Ho Chi Minh City, Vietnam
Vietnam Natl Univ, Univ Econ & Law, Dept Econ Math, Ho Chi Minh City, Vietnam
Ho Chi Minh City Univ Technol, Mechatron Dept, Ho Chi Minh City, Vietnam
Ho Chi Minh City Univ Technol, Inorgan Chem Engn Dept, Fac Chem Engn, Ho Chi Minh City, Vietnam
Vietnam Natl Univ Hochiminh City, Inst Environm & Resources, 142 Hien Thanh St,Dist 10, Hochiminh City, Vietnam
Ho Chi Minh City Univ Technol, Dept Food Technol, 268 Ly Thuong Kiet,Dist 10, Ho Chi Minh City, Vietnam
Ho Chi Minh City Univ Technol, Dept Food Technol, Fac Chem Engn, Ho Chi Minh City, Vietnam
Vietnam Natl Univ, Inst Environm & Resources, Ho Chi Minh, Vietnam
Int Univ, Vietnam Natl Univ HCMC, Dept Math, Thu Duc Dist, Saigon, Vietnam
Vietnam Natl Univ Hochiminh City, Inst Environm & Resources, 142 To Hien Thanh St,Dist 10, Hochiminh City, Vietnam
Vietnam Natl Univ Ho Chi Minh City, Fac Math & Comp Sci, Univ Sci, 227 Nguyen Cu St,Dist 5, Ho Chi Minh City, Vietnam
Vietnam Natl Univ, Univ Sci, Adv Mat Lab, 227 Nguyen Van Cu,Ward 4,Dist 5, Ho Chi Minh City, Vietnam
Viet Nam Natl Univ, Univ Sci, Lab Stem Cell Res & Applicat, Ho Chi Minh City, Vietnam
Vietnam Natl Univ, Int Univ, Dept Biomed Engn, Pharmaceut Engn Lab, Ho Chi Minh City 70000, Vietnam
Ho Chi Minh City Univ Technol, CT13TIE01, Ho Chi Minh City, Vietnam
Vietnam Natl Univ HoChiMinh City, Univ Sci, 227 Nguyen Van Cu St, Ho Chi Minh City, Vietnam
Ho Chi Minh Univ Technol, Ho Chi Minh City, Vietnam
Ho Chi Minh City Univ Technol, Elect Engn, Ho Chi Minh City, Vietnam
Ho Chi Minh City Univ Technol, Dept Mechatron Engn, Ho Chi Minh City, Vietnam
Vietnam Natl Univ, Univ Sci, Fac Math & Comp Sci, 227 Nguyen Van Cu,D 5, Ho Chi Minh City, Vietnam
Ho Chi Minh Univ Technol, Elect & Elect Engn Fac, Ho Chi Minh City, Vietnam
Ho Chi Minh City Univ Technol, Control & Automat Lab, 268 Ly Thuong Kiet,Dist 10, Ho Chi Minh City, Vietnam
Int Univ, Sch Biotechnol, VNU HCMC, Dept Appl Chem, Quarter 6, Ho Chi Minh City, Vietnam
Natl Univ Ho Chi Minh City, Univ Technol, Fac Chem Engn, Dept Food Technol, Ho Chi Minh City, Vietnam
Vietnam Natl Univ Ho Chi Minh, Ho Chi Minh City Univ Technol, Dept Civil Engn, 268 Ly Thuong Kiet St, Ho Chi Minh City, Vietnam
Vietnam Natl Univ, Univ Engn & Technol, Adv Mat & Struct Lab, Ho Chi Minh City, Vietnam
Viet Nam Natl Univ, Univ Sci, Lab Stem Cell Res & Applicat, 227 Nguyen Van Cu,Dist 5, Ho Chi Minh City, Vietnam
Vietnam Natl Univ, Univ Sci, Fac Biol & Biotechnol, Ho Chi Minh City, Vietnam
Ho Chi Minh City Univ Technol HCMUT, Vietnam Natl Univ, Comp Sci & Engn, Ho Chi Minh City, Vietnam
VNU, Int Univ, Sch Elect Engn, Quarter 6, Ho Chi Minh City, Vietnam
Ho Chi Minh City Univ Technol, Sch Elect & Elect Engn, Ho Chi Minh City, Vietnam
Ho Chi Minh City Univ Technol, Dept Aerosp Engn, 268 Ly Thuong Kiet St,Dist 10, Ho Chi Minh City, Vietnam
Int Univ, Dept Math, Vietnam Natl Univ HCMC, Thu Duc Dist, Saigon, Vietnam
Vietnam Natl Univ, Ho Chi Minh City Univ Technol HCMUT, Fac Mat Technol, 268 Ly Thuong Kiet,Dist 10, Ho Chi Minh City, Vietnam
Ho Chi Minh City Univ Technol, Dept Telecommun Engn, Ho Chi Minh City, Vietnam
Vietnam Natl Univ, Ho Chi Minh City, Vietnam
Ho Chi Minh City Univ Nat Sci, Ho Chi Minh City, Vietnam
Vietnam Natl Univ, Univ Sci, Fac Mat Sci, Ho Chi Minh City 70000, Vietnam
Vietnam Natl Univ Ho Chi Minh City, Lab Nanotechnol LNT, Linh Trung Ward, Community 6, Ho Chi Minh City, Vietnam
Vietnam Natl Univ Hochiminh City, Canc Res Lab, 227 Nguyen Van Cu,Dist 5, Hochiminh City, Vietnam
Vietnam Natl Univ, JVN Inst, Ho Chi Minh City, Vietnam
Vietnam Natl Univ Ho Chi Minh City, Univ Nat Sci, Dept Math & Comp Sci, 227 Nguyen Van Cu St,Dist 5, Ho Chi Minh City, Vietnam
Vietnam Natl Univ, Sch Biotechnol, Int Univ, Quarter 6,Linh Trung Ward, Ho Chi Minh City, Vietnam
Ho Chi Minh Univ Technol, Dept Automat Control, Ho Chi Minh City, Vietnam
Vietnam Natl Univ, Bach Khoa Univ, HCMC, Ly Thuong Kiet St,Dist 11, Ho Chi Minh City, Vietnam
Vietnam Natl Univ, Sch Med, Res Ctr Genet & Reprod Hlth, Ho Chi Minh City, Vietnam
Vietnam Natl Univ Ho Chi Minh City, Bach Khoa Univ, Fac Chem Engn, 268 Ly Thuong Kiet St,Dist 10, Ho Chi Minh City, Vietnam
Vietnam Natl Univ HCMC, Sch Business HCMIU, Quarter 6, Ho Chi Minh City, Vietnam
HCMC Univ Technol, VNU, Fac Elect & Elect Engn, Ho Chi Minh City, Vietnam
Vietnam Natl Univ, Univ Sci, Fac Biol Biotechnol, Hcmc, Vietnam
Ho Chi Minh City Univ Technol, Fac Mat Technol, 268 Ly Thuong Kiet, Ho Chi Minh City, Vietnam
Vietnam Natl Univ, Univ Sci, Fac Maths & Comp Sci, 227 Nguyen Van Cu,Dist 5, Ho Chi Minh City, Vietnam
Ho Chi Minh City Univ Technol, Fac Mech Engn, 268 Ly Thuong Kiet St,Dist 10, Ho Chi Minh City, Vietnam
Univ Sci, Ho Chi Minh City, Vietnam
Viet Nam Natl Univ HCMC, Int Univ, Sch Biotechnol, Ho Chi Minh City 700000, Vietnam
Vietnam Natl Univ Ho Chi Minh City, Fac Environm Sci, Univ Sci, 227 Nguyen Van Cu St,Dist 5, Ho Chi Minh City, Vietnam
Vietnam Natl Univ, Univ Sci, Lab Stem Cell Res & Applicat, 227 Nguyen Cu,Dist 5, Ho Chi Minh City, Vietnam
Vietnam Natl Univ HoChiMinh City, Univ Sci, Fac Biol, Hochiminh City, Vietnam
Vietnam Natl Univ Ho Chi Minh City VNU HCM, Univ Sci, Fac Chem, Ho Chi Minh City 721337, Vietnam
Vietnam Natl Univ, Univ Social Sci & Humanities, Ben Nghe Ward, 10-12 Dinh Tien Hoang St,Dist 1, Hochiminh, Vietnam
Vietnam Natl Univ, Fac Math & Comp Sci, Univ Sci, VNU HCMC, Ho Chi Minh City, Vietnam
VNUHCM Univ Sci, Fac Chem, 227 Nguyen Van Cu St,Dist 5, Ho Chi Minh City, Vietnam
Vietnam Natl Univ Ho Chi Minh City, Univ Sci, 227 Nguyen Van Cu St, Ho Chi Minh City, Vietnam
Vietnam Natl Univ, Ctr Innovat Mat & Architectures, Hochiminh, Vietnam
Ho Chi Minh City Univ Technol, Dept Comp Sci & Technol, Ho Chi Minh City, Vietnam
Ho Chi Minh City Open Univ, Dept BioTechnol, Dist 3, Ho Chi Minh City, Vietnam
Vietnam Natl Univ, Univ Sci, Fac Informat Technol, 227 Nguyen Van Cu,Dist 5, Ho Chi Minh City, Vietnam
Vietnam Natl Univ Ho Chi Minh City VNU HCM, Ho Chi Minh City Univ Technol HCMUT, CARE, 268 Ly Thuong Kiet St,Dist 10, Ho Chi Minh City, Vietnam
Ho Chi Minh City Univ Technol, Mechatron Engn Dept, Ho Chi Minh City, Vietnam
Ho Chi Minh City Univ Technol, Power Elect Res Lab, Ho Chi Minh City, Vietnam
Vietnam Natl Univ, Ho Chi Minh city Univ Technol, Fac Comp Sci & Engn, Dept Informat Syst, Ho Chi Minh City, Vietnam
Ho Chi Minh City Univ Nat Resources & Environm, Ho Chi Minh City, Vietnam
Vietnam Natl Univ, Canc Res Lab, 227 Nguyen Van Cu,Dist 5, Ho Chi Minh City, Vietnam
Ho Chi Minh City Natl Univ, Fac Math & Comp Sci, Univ Sci, 227 Nguyen Cu St,Ward 4,Dist 5, Ho Chi Minh City, Vietnam
Ho Chi Minh City Univ Technol, Fac Elect & Elect Engn, Dept Power Syst, 268 Ly Thuong Kiet St, Ho Chi Minh City, Vietnam
Ho Chi Minh City Univ Technol, Dept Comp Sci, Ho Chi Minh City, Vietnam
Vietnam Natl Univ Ho Chi Minh City VNU HCM, Ho Chi Minh City 721337, Vietnam
Vietnam Natl Univ Ho Chi Minh City, Univ Scicence, Ho Chi Minh City, Vietnam
HCMC Vietnam Natl Univ, HCMC Univ Technol, Fac Transportat Engn, Dept Naval Architecture & Marine Engn, Ho Chi Minh City, Vietnam
Ho Chi Minh City Univ Technol, Fac Sci Appl, Dept Engn Mech, 268 Ly Thuong Kiet St,Dist 10, Ho Chi Minh City, Vietnam
Vietnam Natl Univ, Univ Informat Technol, Fac Comp Network & Commun, Ho Chi Minh City, Vietnam
Vietnam Natl Univ HCMC, Int Univ, Sch Biotechnol, Hcmc, Vietnam
Univ Sci Hochiminh City, Dept Math, Hochiminh City, Vietnam
Ho Chi Minh City Univ Technol, 475A Dien Bien Phu St, Ho Chi Minh City, Vietnam
Ho Chi Minh City Univ Technol, VNU HCM, Fac Comp Sci & Engn, Ho Chi Minh City, Vietnam
Vietnam Natl Univ, John von Neumann Inst, Quantitat Computat Finance Lab, Hcmc, Vietnam
Vietnam Natl Univ, Univ Sci, Dept Math, Hochiminh City, Vietnam
Natl Univ Sci Ho Chi Minh City, Dept Organ Chem, Ho Chi Minh City, Vietnam
Vietnam Natl Univ, Univ Sci, Fac Mat Sci, Dept Polymer & Composite Mat, Ho Chi Minh City 227, Nguyen Van Cu, Vietnam
Vietnam Natl Univ Ho Chi Minh City, Fac Mat Sci, Univ Sci, 227 Nguyen Van Cu,Dist 5S, Ho Chi Minh, Vietnam
Vietnam Natl Univ, Univ Sci, Stem Cell Res & Applicat Lab, Ho Chi Minh City, Vietnam
Vietnam Natl Univ, Univ Sci, Lab Adv Mat, Ho Chi Minh, Vietnam
Ho Chi Minh City Univ Technol, Fac Environm & Nat Resources, 268 Ly Thuong Kiet St,Dist 10, Ho Chi Minh City, Vietnam
Ho Chi Minh City Univ Technol, Fac Comp Sci & Engn, VNU HCM, Ho Chi Minh City, Vietnam
Vietnam Natl Univ, Univ Informat Technol, Informat Secur Lab, Ho Chi Minh City, Vietnam
Ho Chi Minh City Univ Technol, VNU HCM, Falculty Comp Sci & Engn, Ho Chi Minh City, Vietnam
Vietnam Natl Univ, Univ Sci, Biol & Biotechnol Fac, Dept Plant Physiol, Hochiminh City, Vietnam
Vietnam Natl Univ, Ho Chi Minh City Univ Sci, Fac Biol Biotechnol, 227 Nguyen Van Cu,Dist 5, Ho Chi Minh City, Vietnam
Vietnam Natl Univ, Sch Med, Ho Chi Minh 70000, Vietnam
Hochiminh City Univ Technol, Fac Informat Technol, Hochiminh City, Vietnam
Vietnam Natl Univ, Univ Sci, SEDES IJL, Dept Ecol & Evolutionary Biol, 227 Nguyen Van Cu St,Dist 5, Ho Chi Minh City, Vietnam
Vietnam Natl Univ, Int Univ, Dept Biomed Engn, Pharmaceut Engn Lab, Ho Chi Minh City, Vietnam
Vietnam Natl Univ, Univ Sci, Adv Mat Lab, Hochiminh City, Vietnam
Vietnam Natl Univ HCMC, Dept Math, Int Univ, Sai Gon, Vietnam
Vietnam Natl Univ HCMC, Sch Med, Res Ctr Genet & Reprod Hlth CGRH, Ho Chi Minh City, Vietnam
Univ Sci, VNU HCM, Fac Informat Technol, Ho Chi Minh City, Vietnam
Vietnam Natl Univ, Ho Chi Minh City Univ Technol, Sch Ind Management, Ho Chi Minh City, Vietnam
Vietnam Natl Univ, Int Univ, HCMC, Dept Math, Saigon, Vietnam
Vietnam Natl Univ, Fac Social Sci & Humanities, Dept Orietnal Studies, Ho Chi Minh City, Vietnam
Vietnam Natl Univ Ho Chi Minh City, Univ Social Sci & Humanity, Ho Chi Minh City, Vietnam
Vietnam Natl Univ, Univ Sci, Lab Stem Cell Res & Applicat, Ho Chi Minh City, Ho Chi Minh, Vietnam
Hochiminh City Natl Univ, Hochiminh Univ Technol, Hochiminh City, Vietnam
Ho Chi Minh City Univ Technol, 268 Ly Thuong Kiet St,Dist 10, Ho Chi Minh City, Vietnam
Vietnam Natl Univ, Univ Sci, Fac Environm, Ho Chi Minh City, Vietnam
Univ Technol, VNU HCM, Fac Civil Engn, 268 Ly Thuong Kiet St,Dist 10, Ho Chi Minh City, Vietnam
Vietnam Natl Univ, Law Course S1580107, Linh Trung Ward, 6 Quarter, Ho Chi Minh City, Vietnam
Ho Chi Minh City Univ Technol, Comp Sci & Engn, Ho Chi Minh City, Vietnam
Univ Informat Technol, Fac Comp Engn, Ho Chi Minh City, Vietnam
Hochiminh City Univ Technol, Dept Chem Proc & Equipment, Fac Chem Engn, Hochiminh City, Vietnam
Vietnam Natl Univ, Econ Law, Dept Law, Univ Econ & Law,Linh Trung Ward, 6 Quarter, Ho Chi Minh City, Vietnam
Viet Nam Natl Univ Ho Chi Minh City, Univ Sci, 227 Nguyen Van Cu St,Ward 4,Dist 5, Ho Chi Minh City 700000, Vietnam
Ho Chi Minh City Univ Technol, Elect & Elect Engn Sch, Ho Chi Minh City 70000, Vietnam
Univ Sci Vietnam Natl Univ, 227 Nguyen Van Cu St,Ward 4,Dist 5, Ho Chi Minh City, Vietnam
Vietnam Natl Univ Ho Chi Minh City, Univ Sci, Stem Cell Inst, Ho Chi Minh City, Vietnam
Ho Chi Minh City Univ Technol, Fac Civil Engn, 268 Ly Thuong Kiet St,Dist 10, Ho Chi Minh City, Vietnam
Ho Chi Minh City Univ Technol, Fac Comp Sci & Engn, 268 Ly Thuong Kiet St,Dist 10, Ho Chi Minh City, Vietnam
Vietnam Natl Univ, Dept Math, Univ Nat Sci, 227 Nguyen Van Cu St,Dist 5, Ho Chi Minh City, Vietnam
Ho Chi Minh City Univ Sci, Vietnam Natl Univ, Fac Biol Biotechnol, 227 Nguyen Van Cu,Dist 5, Ho Chi Minh City, Vietnam
Vietnam Natl Univ Ho Chi Minh City, Univ Sci, Fac Biol & Biotechnol, Dept Biochem, 227 Nguyen Van Cu,Dist 5, Ho Chi Minh City, Vietnam
Vietnam Natl Univ, Ho Chi Minh City Univ Technol HCMUI, Fac Mat Technol, 268 Ly Thuong Kiet,Dist 10, Ho Chi Minh City, Vietnam
Vietnam Natl Univ Ho Chi Minh City VNU HCM, Univ Sci, Dept Solid State Phys, 227 Nguyen Van Cu St, Ho Chi Minh City, Vietnam
Vietnam Natl Univ, Univ Sci, Dept Informat Technol, Ho Chi Minh, Vietnam
Vietnam Natl Univ, Bach Khoa Univ, Ho Chi Minh City, Vietnam
Vietnam Natl Univ HCM City, Univ Sci, Fac Biol, Dept Microbiol, 227 Nguyen Van Cu St,Ward 4, Hochiminh City, Vietnam
Vietnam Natl Univ, Ctr Innovat Mat & Architectures INOMAR, Ho Chi Minh City VNU HCM, Quart 6,Linh Trung Ward, Ho Chi Minh City, Vietnam
Vietnam Natl Univ Ho Chi Minh City VNU HCM, Univ Sci, Fac Biol & Biotechnol, Dept Biochem, Ho Chi Minh City 702500, Vietnam
Vietnam Natl Univ Ho Chi Minh City VNU HCM, Univ Technol, Natl Key Lab Polymer & Composite, Ho Chi Minh City 721337, Vietnam
VNU HCMC, Int Univ, Tissue Engn & Regenerat Med Grp, Dept Biomed Engn, Hcmc 70000, Vietnam
Vietnam Natl Univ, Univ Sci, Adv Mat Lab, Ho Chi Minh City, Vietnam
Vietnam Natl Univ HCMC, Int Univ, LinhTrung Ward, Quarter 6, Ho Chi Minh City, Vietnam
Vietnam Natl Univ HCMC, Univ Sci, Dept Optimizat & Syst Theory, 227 Nguyen Van Cu,Dist 5, Ho Chi Minh City, Vietnam
Int Univ Vietnam Natl Univ, Quarter 6,Linh Trung Ward, Ho Chi Minh City, Vietnam
Vietnam Natl Univ HCMC, Univ Sci, Dept Math, Ho Chi Minh City, Vietnam
Vietnam Natl Univ Ho Chi Minh City, Univ Sci, Fac Environm Sci, 227 Nguyen Van Cu Str,Dist 5, Hcmc, Vietnam
Vietnam Natl Univ Ho Chi Minh City, Univ Sci, Fac Math & Comp Sci, 227 Nguyen Cu St,Dist 5, Ho Chi Minh City, Vietnam
Vietnam Natl Univ, Natl Key Lab Digital Control & Syst Engn, Ho Chi Minh City, Vietnam
Grad Univ Sci & Technol, Vietnam Natl Univ Hochiminh City, Canc Res Lab, Hochiminh City, Vietnam
Ho Chi Minh Univ Technol, VNU, Fac Civil Engn, Ho Chi Minh City, Vietnam
Univ Sci Vietnam Natl Univ HCMC, Dept Ecol & Evolutionary Biol, 227 Nguyen Van Cu,Dist 5, Ho Chi Minh City, Vietnam
Vietnam Natl Univ Ho Chi Minh City, Univ Sci, 227 Nguyen Van Cu St,Ward 4,Dist 5, Ho Chi Minh City, Vietnam
Vietnam Natl Univ Ho Chi Minh City VNU HCM, Sch Biotechnol, Linh Trung Ward, Quarter 6, Ho Chi Minh City 70000, Vietnam
Vietnam Natl Univ HCMC, Int Univ, Dept Math, Sai Gon, Vietnam
Vietnam Natl Univ Ho Chi Minh City, Inst Environm & Nat Resources, Ctr Environm Sci & Ecol, Ho Chi Minh City 760000, Vietnam
Ho Chi Minh Natl Univ, Univ Sci, Fac Math & Comp Sci, 227 Nguyen Van Cu St,Ward 4,Dist 5, Ho Chi Minh City, Vietnam
Ho Chi Minh City Univ Technol, VNU HCM, Fac Elect & Elect Engn, Ho Chi Minh City, Vietnam
Ho Chi Minh City Univ Technol, Control & Automat Lab, Ho Chi Minh City, Vietnam
Natl Univ Ho Chi Minh City, Univ Sci, Dept Organ Chem, Ho Chi Minh City, Vietnam
Vietnam Natl Univ Ho Chi Minh City, Ho Chi Minh City Univ Technol, Dept Civil Engn, 268 Ly Thuong Kiet St, Ho Chi Minh City, Vietnam
Vietnam Natl Univ, Univ Sci, Fac Chem, Dept Phys Chem, Ho Chi Minh City, Vietnam
Ho Chi Minh Univ Technol, Fac Mat Technol, 268 Ly Thuong Kiet,Ward 14,Dist 10, Ho Chi Minh City, Vietnam
Vietnam Natl Univ Ho Chi Minh City VNU HCM, Inst Nanotechnol INT, Linh Trung Ward, Community 6, Ho Chi Minh City, Vietnam
Vietnam Natl Univ, Univ Sci, Ho Chi Minh, Vietnam
Ho Chi Minh City Univ Technol, Dept Mechatron, Ho Chi Minh City, Vietnam
Vietnam Natl Univ Ho Chi Minh City, Dept Math, Int Univ, Linh Trung Ward, Quarter 6, Ho Chi Minh City, Vietnam
VNU HCMC, Int Univ, Dept Biomed Engn, Tissue Engn & Regenerat Med Grp, Ho Chi Minh City 70000, Vietnam
Vietnam Natl Univ HOCHIMINH CITY, Hochiminh City Int Univ, Sch Biotechnol, Quarter 6, Hochiminh City, Vietnam
HoChiMinh City Univ Technol, Dept Telecommun Engn, 268 Ly Thuong Kiet St,Dist 10, Hochiminh City, Vietnam
HCM Natl Univ, Ho Chi Minh City Univ Technol, Fac Chem Engn, Dept Biotechnol, Ho Chi Minh City, Vietnam
Viet Nam Natl Univ, Mat Technol Key Lab Mtlab, 268 Ly Thuong Kiet,Dist 10, Ho Chi Minh City, Vietnam
Vietnam Natl Univ, Univ Sci, Fac Chem, Ho Chi Minh City, Vietnam
Univ Informat Technol, Ho Chi Minh City, Vietnam
Vietnam Natl Univ, Ho Chi Minh City Univ Technol, Dept Elect, Ho Chi Minh City, Vietnam
Ho Chi Minh City Univ Nat & Resources Environm, Ho Chi Minh City, Vietnam
Vietnam Natl Univ Hochiminh City, Univ Informat Technol, Fac Comp Networks & Commun, Linh Trung Ward, Ho Chi Minh City, Vietnam
Vietnam Natl Univ, Int Univ, HCMC, Quarter 6, Ho Chi Minh City, Vietnam
Ho Chi Minh City Univ Technol, Fac Comp Sci & Engn, 268 Ly Thuong Kiet,Dist 10, Ho Chi Minh City, Vietnam
Univ Technol, Petr Vietnam Chem Fertilizer Co, Ho Chi Minh City, Vietnam
Vietnam Natl Univ HCMC, Univ Sci, Dept Ecol & Evolutionary Biol, 227 Nguyen Van Cu St,Dist 5, Ho Chi Minh City, Vietnam
Vietnam Natl Univ, Univ Sci, Fac Elect & Telecommun, Ho Chi Minh City, Vietnam
Ho Chi Minh City Univ Technol, Fac Geol & Petr Engn, Ho Chi Minh City, Vietnam
Hochiminh City Univ Technol, Fac Chem Engn, Dept Chem Proc & Equipment, Hochiminh City, Vietnam
Vietnam Natl Univ VNU HCM, Ho Chi Minh City Univ Technol, Fac Mat Technol, 268 Ly Thuong Kiet,Dist 10, Ho Chi Minh City, Vietnam
Univ Sci, VNU HCM, Fac Biol & Biotechnol, Ho Chi Minh, Vietnam
Vietnam Natl Univ Ho Chi Minh City, Univ Sci, 227 Nguyen Van Cu, Ho Chi Minh City, Vietnam
Ho Chi Minh City Natl Univ, Univ Nat Sci, Dept Biol, Ho Chi Minh, Vietnam
Vietnam Natl Univ, Ho Chi Minh City Univ Technol HCMUT, Comp Sci & Engn CSE, Ho Chi Minh City, Vietnam
Natl Univ, Inst Environm & Resources, 142 To Hien Thanh St,Dist 10, Ho Chi Minh City, Vietnam
Natl Univ, Univ Technol, Ho Chi Minh City, Vietnam
Vietnam Natl Univ, Univ Sci, Dept Math, Ho Chi Minh City, Vietnam
Vietnam Natl Univ Hochiminh City, Sch Med, Obstet & Gynecol, Ho Chi Minh, Vietnam
Vietnam Natl Univ Ho Chi Minh City, Univ Sci, Dept Chem, 227 Nguyen Cu,Dist 5, Ho Chi Minh City, Vietnam
Hochiminh City Univ Technol, Dept Fluid Mech, 268 Ly Thuong Kiet St, Hochiminh City, Vietnam
Viet Nam Natl Univ, Univ Econ & Law, Dept Accounting & Auditing, Ho Chi Minh City, Vietnam
Vietnam Natl Univ Ho Chi Minh City VNUHCM, Univ Sci, Dept Ecol Evolutionary Biol, 227 Nguyen Van Cu St,Dist 5, Ho Chi Minh City, Vietnam
Vietnam Natl Univ, Ctr Water Management & Climate Change, Ho Chi Minh City, Vietnam
Ho Chi Minh City Univ Technol, VNU, Power Elect Res Lab, Ho Chi Minh City, Vietnam
Int Univ Vietnam Natl Univ, Sch Biotechnol, Ward 6, Ho Chi Minh City, Vietnam
HoChiMinh City Univ Technol, Dept Telecommun Engn, 268 Ly Thuong Kiet Str,Dist 10, Hochiminh City, Vietnam
Univ Sci VNUHCM, Fac Math & Comp Sci, Dept Mech, Ho Chi Minh City, Vietnam
Ho Chi Minh City Univ Technol, Dept Elect Engn, Fac Elect & Elect Engn, Dist 10, Ho Chi Minh City, Vietnam
Vietnam Natl Univ Ho Chi Minh City, Canc Res Lab, 227 Nguyen Van Cu, Ho Chi Minh City, Vietnam
Vietnam Natl Univ HCM, Int Univ, Ho Chi Minh, Vietnam
Vietnam Natl Univ, Int Univ, Sch Biotechnol, Ho Chi Minh City, Vietnam
Vietnam Natl Univ Ho Chi Minh City, Univ Sci, Fac Chem, Ho Chi Minh City 721337, Vietnam
Viet Nam Natl Univ Ho Chi Minh City, Inst Environm & Resources, Ho Chi Minh 740500, Vietnam
Vietnam Natl Univ Ho Chi Minh City, Ho Chi Minh City Univ Sci, 227 Nguyen Van Cu Q 5, Ho Chi Minh City 750000, Vietnam
Ho Chi Minh City Univ Technol, Dept Elect Engn, Ho Chi Minh City 70000, Vietnam
Vietnam Natl Univ Hochiminh City, Univ Informat Technol, Dept Phys, Linh Trung Ward, Hochiminh City, Vietnam
Vietnam Natl Univ Ho Chi Minh City, Ctr Mol & NanoArchitecture MANAR, Linh Trung Ward, Quarter 6, Ho Chi Minh City, Vietnam
Vietnam Natl Univ, Univ Sci, Lab Stem Cell Res & Applicat, 227 Nguyen Van Cu,Dist 5, Ho Chi Minh City, Vietnam
HoChiMinh City Univ Technol, Hochiminh City, Vietnam
Vietnam Natl Univ, Fac Mat Sci, Ho Chi Minh City, Vietnam
Vietnam Natl Univ, Fac Biol Biotechnol, Dept Physiol & Anim Biotechnol, Ho Chi Minh City, Vietnam
VNU HCM, HCMUT, Natl Key Lab Digital Control & Syst Engn, Ho Chi Minh City, Vietnam
Ho Chi Minh City Univ Technol, Fac Elect & Elect Engn, VNU HCM, Ho Chi Minh City, Vietnam
Vietnam Natl Univ HCMC, Univ Sci, Ward 4, 227 Nguyen Van Cu,Dist 5, Ho Chi Minh City, Vietnam
Vietnam Natl Univ HCMC, Int Univ, Dept Biomed Engn, Tissue Engn & Regenerat Med Grp, Ho Chi Minh City 70000, Vietnam
Vietnam Natl Univ, Univ Sci, Dept Mol & Environm Biotechnol, Ho Chi Minh City, Vietnam
Vietnam Natl Univ Ho Chi Minh City, Univ Sci, Fac Mat Sci, 227 Nguyen Van Cu St,Dist 5, Ho Chi Minh City 700000, Vietnam
Viet Nam Natl Univ HCMC, Int Univ, Dept Biomed Engn, Ho Chi Minh City 700000, Vietnam
Vietnam Natl Univ Hochiminh City, Fac Chem, Univ Sci, 227 Nguyen Van Cu,Dist 5, Hochiminh City, Vietnam
Univ Sci Vietnam Natl Univ HCMC, Dept Ecol & Evolutionary Biol, 227 Nguyen Van Cu, Ho Chi Minh City, Vietnam
Vietnam Natl Univ, Int Univ, Sch Business, Linh Trung Ward, Quarter 6, Ho Chi Minh City, Vietnam
Ho Chi Minh City Natl Univ, Univ Sci, Fac Math & Comp Sci, 227 Nguyen Van Cu St,Ward 4,Dist 5, Ho Chi Minh City, Vietnam
Vietnam Natl Univ, Int Univ, Sch Elect Engn, Hochiminh City, Vietnam
Vietnam Natl Univ, Inst Environm & Resources, 142 To Hien Thanh St,Dist 10, Ho Chi Minh City 700000, Vietnam
Vietnam Natl Univ HCM, Int Univ, Quarter 6,Linh Trung Ward, Ho Chi Minh City, Vietnam
Vietnam Natl Univ HCM, Int Univ, Dept Math, Ho Chi Minh City, Vietnam
Vietnam Natl Univ, Univ Sci, Fac Chem, 227 Nguyen Van Cu St,Dist 5, Ho Chi Minh City, Vietnam
Quantitat & Computat Finance Lab, Ho Chi Minh, Vietnam
Vietnam Natl Univ HCMC, Sch Med, Res Ctr Genet & Reprod Hlth, Ward 6, Ho Chi Minh City, Vietnam
Vietnam Natl Univ Ho Chi Minh City VNU HCM, Int Univ, Sch Biotechnol, HCMC, Ho Chi Minh City 700000, Vietnam
Viet Nam Natl Univ, Inst Environm & Resources, 142 To Hien Thanh St,Ward 14,Dist 10, Ho Chi Minh City, Vietnam
Viet Nam Natl Univ Ho Chi Minh City VNU HCM, Ctr Water Management & Climate Change WACC, Ho Chi Minh City 12345, Vietnam
Ho Chi Minh City Univ Sci, Vietnam Natl Univ, Dept Math & Comp Sci, 227 Nguyen Van Cu,Dist 5, Ho Chi Minh City, Vietnam
Vietnam Natl Univ Ho Chi Minh City, Univ Sci, Fac Biol Biotechnol, 227 Nguyen Van Cu,Dist 5, Ho Chi Minh City, Vietnam
Ho Chi Minh City Univ Technol, Dept Civil Engn, Ho Chi Minh, Vietnam
Vietnam Natl Univ Ho Chi Minh City, Appl Phys Chem Lab, Ho Chi Minh City, Vietnam
Vietnam Natl Univ, Int Univ, Sch Comp Sci & Engn, Hochiminh City, Vietnam
Vietnam Natl Univ, Univ Sci, Dept Ecol & Evolutionary Biol, IRD,UMR MARBEC SEDES IJL, 227 Nguyen Van Cu St,Dist 5, Ho Chi Minh City, Vietnam
Ho Chi Minh City Univ Technol, Fac Petr & Geol Engn, Earth Resources & Environm Dept, 106 Blg8,168 Ly Thuong Kiet,Dist 10, Ho Chi Minh City, Vietnam
Vietnam Natl Univ, Ho Chi Minh City Univ Technol, Fac Mat Technol, Natl Key Lab Polymer & Composite, Ho Chi Minh City, Vietnam
Vietnam Natl Univ Ho Chi Minh City, Univ Sci, 227 Nguyen Van Cu St,Dist 5, Ho Chi Minh City, Vietnam
Vietnam Natl Univ Hochiminh City, Inst Environm & Resources, Hochiminh City, Vietnam
Vietnam Natl Univ Ho Chi Minh City, Univ Sci, Dept Mol & Environm Biotechnol, 227 Nguyen Van Cu St,Dist 5, Ho Chi Minh City, Vietnam
HCMC Natl Univ, Int Univ, Sch Biotechnol, Dept Food Technol, Ho Chi Minh City, Vietnam
Vietnam Natl Univ, Univ Sci, Dept Mat Sci, Ho Chi Minh City, Vietnam
Ho Chi Minh City Univ Technol HCMUT, Vietnam Natl Univ, Sch Ind Management, Ho Chi Minh City, Vietnam
Ho Chi Minh City Univ Technol, Fac Chem Engn, Ho Chi Minh City, Vietnam
Ho Chi Minh City Univ Technol, Fac Transportat Engn, Dept Automot Engn, Ho Chi Minh City 70350, Vietnam
Ho Chi Minh City Univ Technol, Fac Elect & Elect Engn, Dept Power Syst, 268 Ly Thuong Kiet St,Dist 10, Ho Chi Minh City, Vietnam
Ho Chi Minh City Univ Technol, Fac Comp Sci & Engn, VNU HCM 268 Ly Thuong Kiet St, Ho Chi Minh City, Vietnam
Viet Nam Natl Univ, Natl Key Lab Polymer & Composite Mat, 268 Ly Thuong Kiet,Dist 10, Ho Chi Minh City, Vietnam
Vietnam Natl Univ, Univ Sci, Hosp 115, Ho Chi Minh City, Vietnam
Vietnam Natl Univ, Canc Res Lab, 227 Nguyen Van Cu St,Dist 5, Ho Chi Minh City, Vietnam
Int Univ Vietnam Natl Univ HCMC, Linh Trung Ward, Quarter 6, Ho Chi Minh City, Vietnam
Vietnam Natl Univ Ho Chi Minh City VNU HCM, Int Univ, Tissue Engn & Regenerat Med Grp, Dept Biomed Engn,HCMC, Ho Chi Minh City 700000, Vietnam
Ho Chi Minh City Univ Technol, Falculty Elect & Elect Engn, Deputy Dean Room, Ho Chi Minh City, Vietnam
Vietnam Natl Univ Ho Chi Minh City, Int Univ, Dept Biotechnol, Ho Chi Minh, Vietnam
Natl Univ Hochiminh City, Univ Sci, Hochiminh City, Vietnam
Viet Nam Natl Univ, Univ Law & Econ, Dept Math Econ, Ho Chi Minh City, Vietnam
Vietnam Natl Univ HCMC, Int Univ, Linh Trung Ward, Quarter 6, Ho Chi Minh City, Vietnam
Vietnam Natl Univ, Univ Sci, Fac Biol Biotechnol, Lab Tissue Engn & Biomed Mat,Dept Physiol & Anim, Ho Chi Minh City, Vietnam
Nguyen, CK; Tran, NQ, Vietnam Natl Univ HoChiMinh City, Int Univ, Sch Biotechnol, Quarter 6, Hochiminh City, Vietnam
Vietnam Natl Univ, Univ Informat Technol, Fac Comp Sci, Ho Chi Minh City, Vietnam
Vietnam Natl Univ HCMC, Int Univ, Sch Biotechnol, Linh Trung Ward, Block 6, Ho Chi Minh City, Vietnam
Vietnam Natl Univ, Univ Sci, Dept Phys Chem, Fac Chem, Ho Chi Minh City 70000, Vietnam
Ho Chi Minh City Univ Technol, Elect Engn Dept, PFIEV Program, Ho Chi Minh City, Vietnam
Ho Chi Minh City Univ Technol, Sensory Lab, Ho Chi Minh City, Vietnam
Ho Chi Minh Univ Technol, Fac Mech Engn, VNU HCM, Ho Chi Minh City, Vietnam
Ho Chi Minh City Open Univ, Fac Biotechnol, Ho Chi Minh, Vietnam
Vietnam Natl Univ, Univ Sci, Van Hanh Gen Hosp, Ho Chi Minh City, Vietnam
Vietnam Natl Univ Ho Chi Minh City, Univ Sci, Fac Phys & Engn Phys, 227 Nguyen Van Cu, Ho Chi Minh City 760000, Vietnam
Vietnam Natl Univ HoChiMinh City, Univ Technol, Fac Chem Engn, Hochiminh City, Vietnam
Ho Chi Minh City Univ Technol, Fac Environm Engn, 268 Ly Thuong Kiet,Dist 10, Ho Chi Minh City, Vietnam
Vietnam Natl Univ HCMC, Int Univ, Linh Trung Ward, Ho Chi Minh City, Vietnam
Vietnam Natl Univ HochiMinh City, HochiMinh City Univ Technol, Comp Phys Lab, Hochiminh City, Vietnam
Vietnam Natl Univ, Ctr Innovat Mat & Architectures, Ho Chi Minh City 721337, Vietnam
Ho Chi Minh City Univ Technol, Dept Civil Engn, Ho Chi Minh City, Vietnam
Ho Chi Minh City Univ Technol, Fac Mech Engn, Dept Mfg Engn, Ho Chi Minh City, Vietnam
Ho Chi Minh City Univ Technol, Dept Civil Engn, 268 Ly Thuong Kiet St,Ward 14,Dist 10, Ho Chi Minh City, Vietnam
Vietnam Natl Univ, Univ Nat Sci, 227 Nguyen Cu,Dist 1, Ho Chi Minh City, Hcmc, Vietnam
Vietnam Natl Univ, Univ Sci, Fac Mat Sci, Ho Chi Minh City 700000, Vietnam
Ho Chi Minh City Univ Sci, Vietnam Natl Univ, 227 Nguyen Cu Str,Dist 5, Ho Chi Minh City, Vietnam
Vietnam Natl Univ HCM City VNU HCM, Ho Chi Minh City Univ Technol HCMUT, Ho Chi Minh City, Vietnam
Vietnam NatL Univ, Ho Chi Minh City Univ Technol, Comp Phys Lab, Hochiminh City, Vietnam
Vietnam Natl Univ Ho Chi Minh City, Int Univ, Dept Math, Ho Chi Minh City, Vietnam
HCMC Univ Technol, Dept Civil Engn, Ho Chi Minh City, Vietnam
Vietnam Natl Univ, Int Univ, Sch Business, Ho Chi Minh, Vietnam
Ho Chi Minh City Int Univ, Vietnam Natl Univ HCMC, Sch Biotechnol, Quarter 6,Linh Trung Ward, Ho Chi Minh City, Vietnam
Vietnam Natl Univ, Univ Sci, Fac Mat Sci, Ho Chi Minh, Vietnam
Viet Nam Natl Univ, Univ Sci, Dept Math & Comp Sci, Ho Chi Minh City, Vietnam
Ho Chi Minh City Univ Technol, 268 Ly Thuong Kiet,Dist 10, Ho Chi Minh City, Vietnam
Ho Chi Minh City Univ Technol VNUHCM, Dept Civil Engn, Ho Chi Minh City, Vietnam
Vietnam Natl Univ, Univ Technol, Fac Environm & Nat Resources, 268 Ly Thuong Kiet Str,Dist 10, Ho Chi Minh City, Vietnam
Vietnam Natl Univ Ho Chi Minh City, 227 Nguyen Van Cu St,Award 4,Dist 5, Ho Chi Minh City, Vietnam
Vietnam Natl Univ Ho Chi Minh City, Univ Sci, Fac Chem, 227 Nguyen Van Cu St,Dist 5, Ho Chi Minh City, Vietnam
Ho Chi Minh City Univ Technol, VNU HCM, Fac Comp Sci & Engn, HPC Lab, Ho Chi Minh City, Vietnam
Ho Chi Minh City Univ Technol, Dept Elect & Elect Engn, Ho Chi Minh City, Vietnam
Ho Chi Minh City Univ Technol, Fac Environm, 268 Ly Thuong Kiet St,Dist 10, Ho Chi Minh City, Vietnam
Vietnam Natl Univ, Int Univ, HCMC, Dept Biomed Engn,Tissue Engn & Regenerat Med Grp, Ho Chi Minh City 70000, Vietnam
Vietnam Natl Univ, Int Univ, Sch Comp Sci & Engn, Quarter 6, Ho Chi Minh City 700000, Vietnam
Vietnam Natl Univ, Int Univ, Biomed Engn Dept, Ho Chi Minh City, Vietnam
Vietnam Natl Univ Ho Chi Minh City, Univ Sci, Fac Environm Sci, Ho Chi Minh City, Vietnam
Vietnam Natl Univ Ho Chi Minh City, Mat Technol Key Lab Mtlab, 268 Ly Thuong Kiet,Dist 10, Ho Chi Minh City 70000, Japan
Vietnam Natl Univ HCMC, Int Univ, Sch Business, Ho Chi Minh City, Vietnam
Vietnam Natl Univ HoChiMinh City, Int Univ, Sch Biotechnol, Linh Trung Ward, Quarter 6, Hochiminh City, Vietnam
Ho Chi Minh City Univ Technol, Dept Civil Engn, Bridge & Highway Engn, Ho Chi Minh City, Vietnam
Ho Chi Minh City Univ Technol, Control & Automat Lab, 268 Ly Thuong Kiet, Ho Chi Minh City, Vietnam
Vietnam Natl Univ, Univ Sci, Fac Mat Sci, Hochiminh City, Vietnam
Vietnam Natl Univ Hochiminh City, Univ Informat Technol, Fac Comp Networks & Commun, Ho Chi Minh City, Vietnam
Ho Chi Minh City Univ Technol, Fac Environm & Nat Resource, Ho Chi Minh City, Vietnam
Vietnam Natl Univ, Lab Nanotechnol, Community 6, Linh Trung Ward, Ho Chi Minh City, Vietnam
Int Univ, Vietnam Natl Univ HCM, Dept Phys, Block 6, Ho Chi Minh City, Vietnam
Ho Chi Minh City Univ Technol, Dept Food Technol, 268 Ly Thuong Kiet St, Ho Chi Minh City 70000, Vietnam
Vietnam Natl Univ Ho Chi Minh City, Univ Sci, Dept Phys Chem, 227 Nguyen Van Cu St, Ho Chi Minh City, Vietnam
Ho Chi Minh City Univ Technol, Fac Comp Engn, Ho Chi Minh City, Vietnam
Ho Chi Minh City Univ Technol, Dept Food Technol, 268 Ly Thuong Kiet St,Dist 10, Ho Chi Minh City, Vietnam
Hochiminh City Univ Technol, HCMUT VNU, Fac Elect & Elect Engn, Hochiminh, Vietnam
Vietnam Natl Univ, Univ Sci, Fac Informat Technol, Ho Chi Minh City, Vietnam
Vietnam Natl Univ Ho Chi Minh City, Univ Nat Sci, Dept Math & Comp Sci, 227 Nguyen Cu Str,Dist 5, Ho Chi Minh City, Vietnam
Vietnam Natl Univ, Univ Sci, Fac Mat Sci, Dept Polymer Composites, Ho Chi Minh City, Vietnam
Ho Chi Minh City Univ Technol, Sch Ind Management, VNU HCM, Ho Chi Minh City, Vietnam
Vietnam Natl Univ, Dept Vietnamese Studies, Univ Social Sci & Humanities, Ho Chi Minh City, Vietnam
VNU HCMC, Int Univ, Sch Biotechnol, Ho Chi Minh City, Vietnam
Univ Technol, Fac Sci Appl, Ho Chi Minh City, Vietnam
Vietnam Natl Univ, Fac Chem, Univ Sci, Ho Chi Minh City 721337, Vietnam
Natl Univ Ho Chi Minh City, Univ Sci, Dept Organ Chem, Dist 5, Ho Chi Minh City, Vietnam
Vietnam Natl Univ, Univ Sci, Falcuty Biol & Biotechnol, Ho Chi Minh City, Vietnam
Vietnam Natl Univ, Fac Econ, Univ Econ & Law, Ho Chi Minh City, Vietnam
Vietnam Natl Univ HCM, Int Univ, Sch Biotechnol, Linh Trung Ward, Quarter 6, Ho Chi Minh City 70000, Vietnam
Vietnam Natl Univ, Univ Nat Sci, 227 Nguyen Van Cu Rd,Dist 5, Ho Chi Minh City 10001, Vietnam
Vietnam Natl Univ, Univ Social Sci & Humanities, Fac Social Work, 10-12 Dinh Tien Hoang St,Ben Nghe Ward,Dist 1, Ho Chi Minh City, Vietnam
Vietnam Natl Univ Ho Chi Minh City, Univ Sci, Adv Mat Lab, 227 Nguyen Van Cu,Dist 5, Ho Chi Minh City, Vietnam
Univ Sci, VNUHCM, Fac Biol & Biotechnol, Ho Chi Minh City, Vietnam
Vietnam Natl Univ, Ho Chi Minh City Univ Technol, DCSELAB, Ho Chi Minh City, Vietnam
Int Univ, VNU HCMC, Dept Ind & Syst Engn, Ho Chi Minh City, Vietnam
Vietnam Natl Univ, Univ Sci, Dept Organ Chem, Fac Chem, Ho Chi Minh City 70000, Vietnam
Univ Technol Natl Univ Ho Chi Minh City, Fac Civil Engn, Ho Chi Minh City, Vietnam
Vietnam Natl Univ, HCMC, Cent Lib, Quarter 6, Ho Chi Minh City, Vietnam
Inst Environm & Resources, Ho Chi Minh City, Vietnam
Vietnam Natl Univ, Univ Sci, Fac Mat Sci, Ho Chi Minh City, Vietnam
Vietnam Natl Univ, Univ Sci, Fac Mat Sci, Hochiminh, Vietnam
Viet Nam Natl Univ Ho Chi Minh City, Board & Postgrad Dept, 6 Quarter, Ho Chi Minh City, Vietnam
Ho Chi Minh City Univ Technol, Dept Geomech & Fdn, Ho Chi Minh City, Vietnam
Grad Univ Sci & Technol, Ho Chi Minh City Univ Technol, Fac Mech Engn, Mechatron Engn Dept, Ho Chi Minh City, Vietnam
Vietnam Natl Univ, Univ Sci, Polymer & Composite Mat, 227 Nguyen Van Cu St, Ho Chi Minh City 700000, Vietnam
Ho Chi Minh City Univ Technol, Dept Civil Engn, 68 Ly Thuong Kiet St,Ward 14,Dist 10, Ho Chi Minh City, Vietnam
Vietnam Natl Univ Hochiminh City, Int Univ, Dept Math, Ho Chi Minh City, Vietnam
Hochiminh City Univ Technol VNU HCM, Hochiminh City, Vietnam
Vietnam Natl Univ, Univ Informat Technol, Dept Comp Engn, Ho Chi Minh City, Vietnam
Ho Chi Minh City Univ Technol, VNU HCM, Fac Civil Engn, Ho Chi Minh City, Vietnam
Vietnam Natl Univ, Univ Sci, Lab Canc Res, Ho Chi Minh City, Vietnam
Vietnam Natl Univ, Insitute Environm & Resources, Ho Chi Minh City, Vietnam
Vietnam Natl Univ, Univ Sci, Fac Biol & Biotechnol, Dept Biochem, Ho Chi Minh City, Vietnam
Vietnam Natl Univ, Univ Sci, 227 Nguyen Van Cu St,Ward 4,Dist 5, Ho Chi Minh City, Vietnam
Univ Informat Technol, Vietnam Natl Univ HCMC, Dept Math, Thu Duc Dist, Saigon, Vietnam
Vietnam Natl Univ Ho Chi Minh City, John Neumann Inst, Ho Chi Minh, Vietnam
Vietnam Natl Univ, Univ Sci, Dept Math, 227 Nguyen Van Cu St,Dist 5, Ho Chi Minh City, Vietnam
Vietnam Natl Univ VNU HCM, Ho Chi Minh City Univ Technol, Mat Technol Key Lab Mtlab, 268 Ly Thuong Kiet,Dist 10, Ho Chi Minh City, Vietnam
Vietnam Natl Univ HCM City, Univ Sci, Fac Informat Technol, 227 Nguyen Van Cu St,Ward 4,Dist 5, Hcm City, Vietnam
Vietnam Natl Univ Ho Chi Minh City, Int Univ, Sch Biotechnol, Ho Chi Minh, Vietnam
Vietnam Natl Univ Hochiminh City, Univ Informat Technol, Dept Phys Math, Linh Trung Ward, Hochiminh City, Vietnam
Vietnam Natl Univ, Univ Sci, Fac Environm, Ho Chi Minh City 700000, Vietnam
Ho Chi Minh City Univ Technol, Fac Elect & Elect Engn, Ho Chi Minh City, Vietnam
Vietnam Natl Univ, Univ Social Sci & Humanities, Ho Chi Minh City, Vietnam
Int Univ VNUHCM, Sch Comp Sci & Engn, Ho Chi Minh City, Vietnam
Ho Chi Minh Univ Technol, Fac Mech Engn, Ho Chi Minh City, Vietnam
Vietnam Natl Univ Hochiminh City, Inst Environm & Resources, 142 To Hien Thanh St,Dist 10, Ho Chi Minh City, Vietnam
VNUHCM Univ Sci, Fac Math & Comp Sci, Dept Mech, Ho Chi Minh City, Vietnam
Vietnam Natl Univ, Univ Sci, Fac Chem, Dept Organ Chem, Ho Chi Minh City 70000, Vietnam
Vietnam Natl Univ Ho Chi Minh City, Univ Econ & Law, Dept Foreign Languages, Ho Chi Minh City, Vietnam
HoChiMinh City Univ Technol, Sch Ind Management, Hochiminh City, Vietnam
Vietnam Natl Univ Ho Chi Minh VNU HCM, Univ Sci, Fac Chem, Ho Chi Minh City 721337, Vietnam
Vietnam Natl Univ, Ho Chi Minh City Univ Technol HCMUT, SIM, Ho Chi Minh City, Vietnam
Ho Chi Minh City Univ Technol, VNU HCM, Fac Chem Engn, 268 Ly Thuong Kiet St,Dist 10, Ho Chi Minh City, Vietnam
Vietnam Natl Univ, Univ Sci, Dept Chem, Ho Chi Minh City, Vietnam
Ho Chi Minh City Univ Technol, Dept Prod & Operat Management, Ho Chi Minh City, Vietnam
Vietnam Natl Univ Ho Chi Minh, Univ Technol, Fac Environm & Nat Resources, Ho Chi Minh City, Vietnam
Natl Univ Ho Chi Minh City, Univ Sci, 227 Nguyen Van Cu,Dist 5, Ho Chi Minh City 70000, Ho Chi Minh, Vietnam
Vietnam Natl Univ, Univ Sci, 227 Nguyen Van Cu Q5, Hochiminh City, Vietnam
Ho Chi Minh City Natl Univ, Univ Sci, Ctr Math Sci, 227 Nguyen Van Cu St,Ward 4,Dist 5, Ho Chi Minh City, Vietnam
Vietnam Natl Univ, Ctr Innovat Mat & Architectures INOMAR, Ho Chi Minh City, Vietnam
Hochiminh City Univ Technol, Fac Environm, 268 Ly Thuong Kiet St,Dist 10, Hochiminh City, Vietnam
Ho Chi Minh City Univ Technol, Fac Environm & Nat Resources, Ho Chi Minh City, Vietnam
Ho Chi Minh City Univ, Ho Chi Minh City, Vietnam
HoChiMinh City Univ Technol, Telecommun Engn Dept, 268 Ly Thuong Kiet Str,Dist 10, Hochiminh City, Vietnam
Ho Chi Minh City Univ Technol, Inorgan Chem Engn Dept, Ho Chi Minh City, Vietnam
Vietnam Natl Univ, Int Univ, Sch Biotechnol, Linh Trung Ward, Quarter 6, Hochiminh City, Vietnam
Ho Chi Minh City Univ Technol, Fac Mech Engn, Ward 14, 286 Ly Thuong Kiet St,Dist 10, Ho Chi Minh City, Vietnam
Vietnam Natl Univ Ho Chi Minh City, Univ Sci, Dept Phys Chem, 227 Nguyen Van Cu,Dist 5, Ho Chi Minh City, Vietnam
Viet Nam Natl Univ Ho Chi Minh City, Univ Sci, Fac Chem, Dept Organ Chem, Ho Chi Minh City, Vietnam
Ho Chi Minh City Univ Technol, Fac Chem Engn, Dept Biotechnol, 268 Ly Thuong Kiet St,Dist 10, Ho Chi Minh City, Vietnam
Vietnam Natl Univ HCMC, Int Univ, Sch Biotechnol, Quarter 6,Linh Trung Ward, Ho Chi Minh City, Vietnam
Ho Chi Minh City Univ Technol, Fac Comp Sci & Comp Engn, Ho Chi Minh City, Vietnam
Vietnam Natl Univ Ho Chi Minh City, Univ Sci, 227 Nguyen van Cu Str Dist 5, Ho Chi Minh City, Vietnam
Vietnam Natl Univ HCMC, Univ Sci, Ho Chi Minh, Vietnam
Vietnam Natl Univ Ho Chi Minh City VNU HCM, Ho Chi Minh City Univ Technol HCMUT, CARE, 268 Ly ThuongKiet St,Dist 10, Ho Chi Minh City, Vietnam
Ho Chi Minh City Univ, Fac Comp Sci & Engn, Ho Chi Minh City, Vietnam
Natl Univ, Int Univ Vietnam, Ho Chi Minh City, Vietnam
Vietnam Natl Univ, Univ Sci, Fac Math, Ho Chi Minh City, Vietnam
Vietnam Natl Univ Ho Chi Minh City, Univ Nat Sci, Dept Math & Comp Sci, 227 Nguyen Van Cu St,Dist 5, Ho Chi Minh, Vietnam
Vietnam Natl Univ, Ho Chi Minh City VNU HCM, Univ Sci, Dept Solid State Phys,Fac Phys, 227 Nguyen Van Cu St,Dist 5, Ho Chi Minh City, Vietnam
Ho Chi Minh Univ Technol, Fac Comp Sci & Engn, Ho Chi Minh City, Vietnam
Vietnam Natl Univ, Hochiminh City Int Univ, Sch Biotechnol, Hochiminh City, Vietnam
Vietnam Natl Univ, John von Neumann Inst, Ho Chi Minh City, Vietnam
Vietnam Natl Univ, Univ Sci, Sch Informat Technol, 227 Nguyen Van Cu,Dist 5, Ho Chi Minh City, Vietnam
Vietnam Natl Univ, Univ Technol, Fac Chem Engn, 268 Ly Thuong Kiet St,Dist 10, Hochiminh City, Vietnam
Ho Chi Minh City Univ Technol, VNU HCM, Dept Aerosp Engn, Ho Chi Minh City, Vietnam
Vietnam Natl Univ, Univ Sci, Lab Adv Mat, Ho Chi Minh City, Vietnam
Vietnam Natl Univ Ho Chi Minh City, Ho Chi Minh City Univ Technol, DCSELAB, Ho Chi Minh City, Vietnam
Vietnam Natl Univ Ho Chi Minh City, Univ Nat Sci, 227 Nguyen Van Cu Str,Dist 5, Ho Chi Minh City, Vietnam
Ho Chi Minh City Univ Technol, Dept Biotechnol, Ho Chi Minh City, Vietnam
Ho Chi Minh City Univ Technol, Dept Food Technol, VNU HCM, Ho Chi Minh City, Vietnam
Vietnam Natl Univ Ho Chi Minh City, Univ Sci, Appl Phys Chem Lab, 227 Nguyen Van Cu,Dist 5, Ho Chi Minh City, Vietnam
Int Univ, VNU HCMC, Ho Chi Minh City, Vietnam
Vietnam Natl Univ, Int Univ, Dept Math, Quarter 6, Ho Chi Minh City, Vietnam
Univ Sci, Vietnam Natl Univ Ho Chi Minh City, Fac Environm, 227 Nguyen Van Cu St,W4,D5, Ho Chi Minh City, Vietnam
Ho Chi Minh City Univ Technol, VNU HCM, Ho Chi Minh City, Vietnam
Vietnam Natl Univ, Ctr Innovat Mat & Architectures, Div Mol Modeling, Ho Chi Minh City, Vietnam
Vietnam Natl Univ, Ho Chi Minh City Univ Technol, Vietnam Natl Univ Ho Chi Minh City, Univ Nat Sci, Dept Math & Comp Sci, Ho Chi Minh City, Vietnam
Vietnam Natl Univ, Univ Technol, Fac Environm & Nat Resources, Ho Chi Minh, Vietnam
Vietnam Natl Univ Ho Chi Minh City VNU HCM, Int Univ, Dept Biomed Engn, Linh Trung Ward, Quarter 6, Ho Chi Minh City 70000, Vietnam
Vietnam Natl Univ Ho Chi Minh City, Dept Biochem, Sch Biotechnol, Int Univ, Hcmc, Vietnam
Vietnam Natl Univ, Int Univ, Sch Biotechnol, Quarter 6,Linh Trung Ward, Hochiminh City, Vietnam
Ho Chi Minh City Open Univ, Fac Informat Technol, Ho Chi Minh City, Vietnam
Ho Chi Minh City Univ Transport, Fac Basic Sci, 2,D3 St,Ward 25, Ho Chi Minh City, Vietnam
Ho Chi Minh City Univ Technol, Fac Comp Sci & Engn, 268 Ly Thuong Kiet, Ho Chi Minh City, Vietnam
Vietnam Natl Univ HCMC, Univ Sci, Dept Theoret Phys, Ho Chi Minh City, Vietnam
Ho Chi Minh City Univ Technol, Fac Elect & Elect Engn, Dept Power Syst, Ho Chi Minh City, Vietnam
Ho Chi Minh City Univ Technol, Fac Civil Engn, Ho Chi Minh City, Vietnam
Ho Chi Minh Univ Technol, Fac Biofood Technol & Environm, 144-24 Dien Bien Phu, Ho Chi Minh City, Vietnam
Vietnam Natl Univ Ho Chi Minh City, Ho Chi Minh City, Vietnam
Ho Chi Minh City Univ Technol, Ctr Interdisciplinary Res Technol, Ho Chi Minh City, Vietnam
Vietnam Natl Univ Hochiminh City, Fac Chem, 227 Nguyen Van Cu St,Dist 5, Hochiminh City, Vietnam
Vietnam Natl Univ, Int Univ, Hcmc, Ho Chi Minh, Vietnam
Ho Chi Minh City Univ Technol, Fac Chem Engn, 268 Ly Thuong Kiet St,Dist 10, Ho Chi Minh City, Vietnam
Vietnam Natl Univ Ho Chi Minh VNU HCM, Ho Chi Minh City 721337, Vietnam
HCM Natl Univ, Ho Chi Minh City Univ Nat Sci, Fac Biol, Dept Microbiol, Bien Hoa City, Vietnam
Natl Univ HCMC, Int Univ, Dept Biomed Engn, Hcmc 70000, Vietnam
Ho Chi Minh Univ Technol, Fac Elect & Elect Engn, Ho Chi Minh City, Vietnam
Ho Chi Minh City Univ Technol, VNU HCM, Dept Heat & Refrigerat Engn, Ho Chi Minh City, Vietnam
Ho Chi Minh City Vocat Coll, 38 Tran Khanh Du,Dist 1, Ho Chi Minh City 10001, Vietnam
Vietnam Natl Univ HCMC, Sch Med, Res Ctr Genet & Reprod Hlth CGRH, Thu Duc, Ho Chi Minh, Vietnam
VNU, Int Univ, Sch Comp Sci & Engn, Ho Chi Minh City, Vietnam
Vietnam Natl Univ HCM, Int Univ, Sch Biotechnol, Quarter 6,Linh Trung Ward, Ho Chi Minh City 70000, Vietnam
Viet Nam Natl Univ, Ctr Water Management & Climate Change, Ho Chi Minh City, Vietnam
Ho Chi Minh City Univ Technol, Fac Informat Technol, Ho Chi Minh City, Vietnam
Vietnam Natl Univ, Int Univ, Sch Biotechnol, Dept Biotechnol, Ho Chi Minh City 70000, Vietnam
Ho Chi Minh City Univ Technol, Vietnam Natl Univ, CSE, Ho Chi Minh City, Vietnam
Ho Chi Minh City Univ Technol, Dept Elect Engn, PFIEV Program, Ho Chi Minh City, Vietnam
Ho Chi Minh Univ Technol, Div Power Syst Engn, Ho Chi Minh City, Vietnam
Univ Technol Vietnam Natl Univ, Fac Environm & Nat Resources, Ho Chi Minh City, Vietnam
Vietnam Natl Univ, Univ Sci, Dept Solid State Phys, Ho Chi Minh City, Vietnam
Vietnam Natl Univ, Univ Sci, Dept Biochem, Ward 4,Dist 5, Ho Chi Minh City 749000, Vietnam
Vietnam Natl Univ, Univ Informat Technol, Dept Math & Phys, Ho Chi Minh City, Vietnam
Vietnam Natl Univ Ho Chi Minh City, Univ Sci, Fac Environm, Ho Chi Minh City, Vietnam
Ho Chi Minh City Univ Technol, Fac Elect & Elect Engn, 268 Ly Thuong Kiet Str,Dist 10, Ho Chi Minh City, Vietnam
Ho Chi Minh City Univ Technol, Dept Construct Engn & Management, Ho Chi Minh City, Vietnam
Vietnam Natl Univ Hochiminh City, Int Univ, Dept Math, Hochiminh City, Vietnam
Ho Chi Minh City Univ Technol, Dept Ind Management, Ho Chi Minh City, Vietnam
Vietnam Natl Univ Ho Chi Minh City, Univ Informat Technol, Fac Comp Sci, Ho Chi Minh City, Vietnam
Vietnam Natl Univ, Sch Biotechnol, Int Univ, Linh Trung Ward, Quarter 6, Ho Chi Minh City, Vietnam
Vietnam Natl Univ, Ctr Water Management & Climate Change, Ho Chi Minh City 700000, Vietnam
Vietnam Natl Univ, Ho Chi Minh City Univ Technol, Dept Aerosp Engn, Ho Chi Minh City, Vietnam
Ho Chi Minh City Univ Technol, Fac Elect Elect Engn, Ho Chi Minh City, Vietnam
Vietnam Natl Univ, Univ Sci, Fac Environm Sci, 227 Nguyen Van Cu St,Dist 5, Ho Chi Minh City, Vietnam
Vietnam Natl Univ, Ho Chi Minh Univ Sci, Fac Biol Biotechnol, 227 Nguyen Van Cu,Dist 5, Ho Chi Minh City, Vietnam
Vietnam Natl Univ Ho Chi Minh, Univ Technol, Fac Environm & Nat Resources, Ho Chi Minh, Vietnam
Ho Chi Minh City Univ Technol, Fac Comp Sci & Engn, Dept Comp Sci, Dept Informat Syst, Ho Chi Minh City, Vietnam
Vietnam Natl Univ Ho Chi Minh City, Univ Technol, 268 Ly Thuong Kiet St,Dist 10, Ho Chi Minh City, Vietnam
Vietnam Natl Univ Ho Chi Minh City, Univ Informat Technol, Dept Informat Sci & Engn, Ho Chi Minh City, Vietnam
Ho Chi Minh City Univ Technol, Fac Comp Sci & Engn, Ho Chi Minh City, Vietnam
Vietnam Natl Univ, Univ Social Sci & Humanities, 10-12 Dinh Tien Hoang St, Ho Chi Minh City, Vietnam
Ho Chi Minh City Univ Technol, Telecommun Engn Dept, 268 Ly Thuong Kiet Str,Dist 10, Ho Chi Minh City, Vietnam
Vietnam Natl Univ Ho Chi Minh City, John Neumann Inst, Ho Chi Minh City, Vietnam
Viet Nam Natl Univ HCMC, Int Univ, Dept Math, Thu Duc, Sai Gon, Vietnam
Vietnam Natl Univ Ho Chi Minh City, Univ Sci, Fac Environm Sci, 227 Nguyen Van Cu St,Dist 5, Ho Chi Minh City, Vietnam
Ho Chi Minh City Univ Technol, Vietnam Natl Univ, Sch Ind Management, Ho Chi Minh City, Vietnam
Ho Chi Minh City Univ Technol, Dept Mfg Engn, Ho Chi Minh City, Vietnam
Ho Chi Minh City Univ Technol, Fac Comp Sci & Engieering, Ho Chi Minh City, Vietnam
Ho Chi Minh City Univ Technol, Dept Biomed Engn, Fac Sci Appl, VNU HCM, 268 Ly Thuong Kiet St,Dist 10, Ho Chi Minh City, Vietnam
Vietnam Natl Univ HCMC, Int Univ, Dept Math, Ho Chi Minh City, Vietnam
VietNam Natl Univ Hochiminh City, Univ Technol, ICALab, Ho Chi Minh City, Vietnam
Hochiminh City Univ Technol, Hochiminh City, Vietnam
Vietnam Natl Univ, Sch Med, Ho Chi Minh City, Ho Chi Minh, Vietnam
Vietnam Natl Univ, Univ Econ & Law, Fac Business Adm, Ho Chi Minh City, Vietnam
Ho Chi Minh City Univ Technol, Dept Chem Engn, 268 Ly Thuong Kiet St,Dist 10, Ho Chi Minh City, Vietnam
Vietnam Natl Univ HCM, Univ Sci, Dept Math & Comp Sci, Ho Chi Minh City, Vietnam
Vietnam Natl Univ HoChiMinh City VNU HCM, Univ Sci, Fac Math & Comp Sci, 227 Nguyen Van Cu St,Dist 5, Ho Chi Minh City, Vietnam
Vietnam Natl Univ, Univ Sci, Fac Math & Comp Sci, Ho Chi Minh City, Vietnam
Vietnam Natl Univ, Univ Engn & Technol, Fac Elect & Telecommun, Ho Chi Minh City, Vietnam
Vietnam Natl Univ Ho Chi Minh City, Univ Sci, Fac Mat Sci, 227 Nguyen Van Cu,Dist 5, Ho Chi Minh City, Vietnam
Vietnam Natl Univ HCM, Int Univ, Sch Biotechnol, Quarter 6, Ho Chi Minh City, Vietnam
Vietnam Natl Univ Ho Chi Minh City, Computat Phys Lab, Inst Technol, 268 Ly Thuong Kiet St,Dist 10, Ho Chi Minh City, Vietnam
Vietnam Natl Univ, Ho Chi Minh City Univ Technol HCMUT, Sch Ind Management SIM, Ho Chi Minh City, Vietnam
Vietnam Natl Univ Ho Chi Minh City, Univ Sci, Lab Canc Res, Ho Chi Minh City, Vietnam
Vietnam Natl Univ, Univ Sci, Fac Mat Sci, 227 Nguyen Van Cu,Ward 4,Dist 5, Ho Chi Minh City, Vietnam
Vietnam Natl Univ Ho Chi Minh VNU HCM, Ctr Mol & NanoArchitecture MANAR, Ho Chi Minh City 721337, Vietnam
Int Univ Vietnam Natl Univ Ho Chi Minh City, Sch Business, Ho Chi Minh City, Vietnam
Ho Chi Minh City Univ Technol, Dept Pharm, Ho Chi Minh City, Vietnam
Ho Chi Minh Univ Technol, Fac Elect Elect Engn, Ho Chi Minh City, Vietnam
Vietnam Natl Univ Ho Chi Minh City, Univ Sci, Fac Environm, 227 Nguyen Van Cu Str,Dist 5, Ho Chi Minh City, Vietnam
Vietnam Natl Univ, Univ Sci, Fac Chem, Dept Polymer Chem, Ho Chi Minh City 227, Nguyen Van Cu, Vietnam
Vietnam Natl Univ HCMC, UIT, Hochiminh City, Vietnam
Vietnam Natl Univ, John von Neumann Inst, Hochiminh 70000, Vietnam
Vietnam Natl Univ, Univ Sci, Lab Adv Mat, Hochiminh, Vietnam
VNU HCM, Univ Sci, Fac Biol & Biotechnol, Dept Biochem, Ho Chi Minh City, Vietnam
Ho Chi Minh City Univ Technol, Key Lab Internal Combust Engine, Ho Chi Minh City, Vietnam
Viet Nam Natl Univ, Univ Sci, Dept Anim Physiol & Biotechnol, Ho Chi Minh City, Vietnam
Ho Chi Minh City Univ Technol, Fac Comp Sicence & Engn, 268 Ly Thuong Kiet,Distr 10, Ho Chi Minh City, Vietnam
VNU HCMC, Int Univ, Sch Comp Sci & Engn, Ho Chi Minh City, Vietnam
Vietnam Natl Univ HoChiMinh City, Int Univ, Sch Biotechnol, Hochiminh City, Vietnam
Ho Chi Minh City Univ Technol, Dept Power Syst, Ho Chi Minh City, Vietnam
Vietnam Natl Univ Hochiminh City, Hochiminh City, Vietnam
Vietnam Natl Univ, Univ Sci, 227 Nguyen Van Cu,Dist 5, Ho Chi Minh City, Vietnam
Vietnam Natl Univ Ho Chi Minh, Univ Technol, Fac Environm & Nat Resources, 268 Ly Thuong Kiet St,Dist 10, Ho Chi Minh City, Vietnam
Vietnam Natl Univ, Ho Chi Minh City Univ Technol, Mat Technol Key Lab Mtlab, 268 Ly Thuong Kiet,Dist 10, Ho Chi Minh City, Vietnam